{
  "annual_return": 0.33191189381137876,
  "annual_vol": 0.32629249197346394,
  "sharpe": 1.017221977140595,
  "max_drawdown": -0.3355101476989747,
  "calmar": 0.9892752755400283,
  "days": 1096
}