{
  "annual_return": 0.37409317518170493,
  "annual_vol": 0.28843349666547585,
  "sharpe": 1.296982422314066,
  "max_drawdown": -0.21078224030663395,
  "calmar": 1.7747850797937035,
  "days": 1096
}