{
  "annual_return": 0.39242864590458604,
  "annual_vol": 0.3179866840822616,
  "sharpe": 1.2341040224283941,
  "max_drawdown": -0.3569771030220146,
  "calmar": 1.0993104111789074,
  "days": 1096
}