{
  "annual_return": 0.36084610606490797,
  "annual_vol": 0.34998661832648237,
  "sharpe": 1.031028294139793,
  "max_drawdown": -0.43349576081031593,
  "calmar": 0.8324097688761548,
  "days": 1096
}