{
  "annual_return": 0.3813525990435662,
  "annual_vol": 0.2718962098868383,
  "sharpe": 1.4025668073942004,
  "max_drawdown": -0.24653523435799773,
  "calmar": 1.5468482630348814,
  "days": 1096
}