{
  "annual_return": 0.26145656697790365,
  "annual_vol": 0.3480324481166986,
  "sharpe": 0.7512419269890455,
  "max_drawdown": -0.39879433149055254,
  "calmar": 0.6556175610637975,
  "days": 1461
}