{
  "annual_return": 0.04258624748647177,
  "annual_vol": 0.29938933239111637,
  "sharpe": 0.14224370369628914,
  "max_drawdown": -0.5419276791478981,
  "calmar": 0.07858289791256355,
  "days": 1096
}