{
  "annual_return": 0.06594644382501214,
  "annual_vol": 0.20186551827293953,
  "sharpe": 0.32668503461718945,
  "max_drawdown": -0.3059942539247288,
  "calmar": 0.21551530128155358,
  "days": 1096
}