{
  "annual_return": 0.6736129457107998,
  "annual_vol": 0.33697797417731423,
  "sharpe": 1.99898212147347,
  "max_drawdown": -0.21423868440939453,
  "calmar": 3.144217149987602,
  "days": 1096
}