{
  "annual_return": 0.35998143780374825,
  "annual_vol": 0.33131085697052964,
  "sharpe": 1.0865367983874095,
  "max_drawdown": -0.42719105783341493,
  "calmar": 0.8426708171970319,
  "days": 1461
}