{
  "annual_return": 0.5304433072587666,
  "annual_vol": 0.3293623574472685,
  "sharpe": 1.6105158809585323,
  "max_drawdown": -0.35804362134546974,
  "calmar": 1.4815046984092244,
  "days": 1827
}