{
  "annual_return": -0.0005258175953907207,
  "annual_vol": 0.33279546301733975,
  "sharpe": -0.0015800022951734888,
  "max_drawdown": -0.5161343793991733,
  "calmar": -0.0010187610366176722,
  "days": 1096
}