{
  "annual_return": 0.39384026087564616,
  "annual_vol": 0.34212477090815147,
  "sharpe": 1.1511597357601988,
  "max_drawdown": -0.33408942895395,
  "calmar": 1.1788468198732862,
  "days": 1096
}