{
  "annual_return": 0.15604570473257584,
  "annual_vol": 0.33873549829820643,
  "sharpe": 0.46067124796941333,
  "max_drawdown": -0.4956317906703328,
  "calmar": 0.3148420009974076,
  "days": 1096
}