{
  "annual_return": 0.5291406721551459,
  "annual_vol": 0.3300133455083247,
  "sharpe": 1.603391739628294,
  "max_drawdown": -0.3269739314240908,
  "calmar": 1.6182962043810196,
  "days": 1096
}