{
  "annual_return": 0.23421934255790333,
  "annual_vol": 0.22488828914307377,
  "sharpe": 1.0414919489600152,
  "max_drawdown": -0.3138883827254293,
  "calmar": 0.746186719381661,
  "days": 1096
}