{
  "annual_return": 0.5975463117247739,
  "annual_vol": 0.4018401600261336,
  "sharpe": 1.4870248700028206,
  "max_drawdown": -0.3277042394143945,
  "calmar": 1.823431740744598,
  "days": 1096
}