{
  "annual_return": 0.638575950856231,
  "annual_vol": 0.3612338780727255,
  "sharpe": 1.7677631850677902,
  "max_drawdown": -0.24576153428869763,
  "calmar": 2.598355974235137,
  "days": 1096
}