{
  "annual_return": 0.1738694809224952,
  "annual_vol": 0.3269385188894802,
  "sharpe": 0.5318109396013715,
  "max_drawdown": -0.3908961620202268,
  "calmar": 0.4447971042332679,
  "days": 1096
}