{
  "annual_return": 0.25505247798846575,
  "annual_vol": 0.181813851986179,
  "sharpe": 1.4028220358471595,
  "max_drawdown": -0.17946312798615593,
  "calmar": 1.421197105224539,
  "days": 1096
}