{
  "annual_return": 1.1249833787596493,
  "annual_vol": 15.831643188046339,
  "sharpe": 0.07105916709953812,
  "max_drawdown": -1.2524545961230096,
  "calmar": 0.8982228834818051,
  "days": 1096
}