{
  "annual_return": 0.4750475894567152,
  "annual_vol": 0.3579228464089127,
  "sharpe": 1.3272346099807,
  "max_drawdown": -0.3053338150528456,
  "calmar": 1.5558302619527955,
  "days": 1096
}