{
  "annual_return": 0.38091850664474225,
  "annual_vol": 0.2485591357554338,
  "sharpe": 1.532506562219228,
  "max_drawdown": -0.28928644674191517,
  "calmar": 1.316751997664709,
  "days": 1827
}