{
  "annual_return": 0.3211672253641942,
  "annual_vol": 0.3434450150568452,
  "sharpe": 0.9351343338351737,
  "max_drawdown": -0.33844870420246875,
  "calmar": 0.9489391490536293,
  "days": 1096
}