{
  "annual_return": 0.4477510678180443,
  "annual_vol": 0.3438374382290248,
  "sharpe": 1.3022173214302633,
  "max_drawdown": -0.32942738399154203,
  "calmar": 1.3591798665697452,
  "days": 1096
}