{
  "annual_return": 0.8109264712503259,
  "annual_vol": 0.48801990112634347,
  "sharpe": 1.6616668078058259,
  "max_drawdown": -0.3925668856422524,
  "calmar": 2.065702688915351,
  "days": 1827
}