{
  "annual_return": 0.35831173678932204,
  "annual_vol": 0.24797900093499955,
  "sharpe": 1.4449277375838891,
  "max_drawdown": -0.21989252201203913,
  "calmar": 1.6294857756449965,
  "days": 1096
}