{
  "annual_return": 0.3442388777611647,
  "annual_vol": 0.29161212403293413,
  "sharpe": 1.1804683323876033,
  "max_drawdown": -0.29985455758234236,
  "calmar": 1.148019494973439,
  "days": 1096
}